Workbook
Name Class: SubjectDetails!$B$10
Name Class_AY: SubjectDetails!$B$10
Name Designation: SubjectDetails!$B$7
Name dir_wt: SubjectDetails!$B$17
Name ext_wt: SubjectDetails!$B$15
Name Faculty: SubjectDetails!$B$6
Name ind_wt: SubjectDetails!$B$18
Name int_wt: SubjectDetails!$B$14
Name spl: SubjectDetails!$B$11
Name Sub_Code: SubjectDetails!$B$8
Name Target: 60%
Name Type: SubjectDetails!$B$9

Sheet SubjectDetails
A1: Dr. D.Y. Patil Educational Federation's
A2: Dr. D. Y. Patil Institute of Management and Entreprenuer Development, Varale, Pune
A3: (Permanently affiliated to Savitribai Phule Pune University, Accredited by NAAC 'A'
A4: Approved by AICTE, Recognized under 2 (f) & 12 (b) sections of UGC Act)
A6: Name of the faculty: | B6: Anuja Mali
A7: Designation: | B7: Assistant Professor
A8: Subject & Code: | B8: Lab IT11L
A9: Type of Course: | B9: Subject Core
A10: Class & A.Y.: | B10: MCA I SEM I AY 2023-24
A11: Specialization:
B13: % | C13: Marks
A14: Internal Assessment Weightage | B14: 0.6 | C14: 75
A15: External Assessment Weightage | B15: 0.4 | C15: 50
E16: =Faculty -> Anuja Mali
A17: Direct Assessment Weightage | B17: 0.8 | E17: Subject Faculty
A18: Indirect Assessment Weightage | B18: 0.2
A24: Dr. Ravi Chourasiya | E24: Dr. Ashwini Chavan | H24: Dr. Priyanka Singh
A25: (College Examination Officer) | E25: HOD (MCA) | H25: Director

Sheet Rubrics
A1: Dr. D.Y. Patil Educational Federation's
A2: Dr. D. Y. Patil Institute of Management and Entreprenuer Development, Varale, Pune
A3: (Permanently affiliated to Savitribai Phule Pune University, Accredited by NAAC 'A'
A4: Approved by AICTE, Recognized under 2 (f) & 12 (b) sections of UGC Act)
A5: =CONCATENATE("Faculty Name: ", Faculty) -> Faculty Name: Anuja Mali
A6: =CONCATENATE("Subject Name & Code: ", Sub_Code) -> Subject Name & Code: Lab IT11L
A7: =CONCATENATE("Class: ",Class_AY) -> Class: MCA I SEM I AY 2023-24
A9: Rubrics
A10: Criteria | C10: Excellent (100%) | F10: Good (80%) | I10: Satisfactory (60%) | L10: Needs Improvement (<60%)
A11: Understanding of Concepts
A12: Application of Tools
A13: Interpretation & Decision-Making
A14: Structure & Clarity
A15: References & Format
A18: =Faculty -> Anuja Mali
A19: Subject Faculty
A24: =SubjectDetails!$A$24 -> Dr. Ravi Chourasiya | E24: =SubjectDetails!$E$24 -> Dr. Ashwini Chavan | I24: =SubjectDetails!$H$24 -> Dr. Priyanka Singh
A25: =SubjectDetails!$A$25 -> (College Examination Officer) | E25: =SubjectDetails!$E$25 -> HOD (MCA) | I25: =SubjectDetails!$H$25 -> Director

Sheet CO Mapping PO 
A1: Dr. D.Y. Patil Educational Federation's
A2: Dr. D. Y. Patil Institute of Management and Entreprenuer Development, Varale, Pune
A3: (Permanently affiliated to Savitribai Phule Pune University, Accredited by NAAC 'A'
A4: Approved by AICTE, Recognized under 2 (f) & 12 (b) sections of UGC Act)
A6: =CONCATENATE("Faculty Name: ", Faculty) -> Faculty Name: Anuja Mali
A7: =CONCATENATE("Subject Name & Code: ", Sub_Code) -> Subject Name & Code: Lab IT11L
A8: =CONCATENATE("Class: ",Class_AY) -> Class: MCA I SEM I AY 2023-24
K9: Program OutComes
A10: COURSE OUTCOMES (CO) MAPPING WITH PROGRAM OUTCOMES (PO) | K10: PO1 (Foundation Knowledge): Apply knowledge of mathematics, programming logic and coding fundamentals for solution architecture and problem solving.
B11: PO1 | C11: PO2 | D11: PO3 | E11: PO4 | F11: PO5 | G11: PO6 | H11: PO7 | I11: PO8 | K11: PO2 (Problem Analysis): Identify, review, formulate and analyze problems for primarily focussing on customer requirements using critical thinking frameworks.
A12: CO1 | B12: 3 | C12: - | D12: - | E12: 2 | F12: 1 | G12: - | H12: - | I12: 1
A13: CO2 | B13: 2 | C13: - | D13: 3 | E13: 3 | F13: 1 | G13: 1 | H13: - | I13: 2 | K13: PO3 (Development of Solutions): Design, develop and investigate problems with as an innovative approach for solutions incorporating ESG/SDG goals.
A14: CO3 | B14: 2 | C14: - | D14: 3 | E14: 3 | F14: 1 | G14: 1 | H14: - | I14: 2
A15: CO4 | B15: 3 | C15: 2 | D15: 2 | E15: 3 | F15: 1 | G15: - | H15: - | I15: 2 | K15: PO4 (Modern Tool Usage): Select, adapt and apply modern computational tools such as development of algorithms with an understanding of the limitations including human biases.
A16: CO5
K17: PO5 (Individual and Teamwork): Function and communicate effectively as an individual or a team leader in diverse and multidisciplinary groups. Use methodologies such as agile.
A18: Average | B18: =AVERAGE(B12:B17) -> 2.5 | C18: =AVERAGE(C12:C17) -> 2 | D18: =AVERAGE(D12:D17) -> 2.6666667 | E18: =AVERAGE(E12:E17) -> 2.75 | F18: =AVERAGE(F12:F17) -> 1 | G18: =AVERAGE(G12:G17) -> 1 | H18: =AVERAGE(H12:H17) -> #DIV/0! | I18: =AVERAGE(I12:I17) -> 1.75
A19: 3-HIGH (corresponds to a high correlation) 2-MEDIUM (corresponds to a medium correlation) 1-LOW (corresponds to a low correlation) between CO and PO/PSO | K19: PO6 (Project Management and Finance): Use the principles of project management such as scheduling, work breakdown structure and be conversant with the principles of Finance for profitable project management.
K20: PO7 (Ethics): Commit to professional ethics in managing software projects with financial aspects. Learn to use new technologies for cyber security and insulate customers from malware
K22: PO8 (Life-long learning): Change management skills and the ability to learn, keep up with contemporary technologies and ways of working.
A24: =SubjectDetails!$E$16 -> Anuja Mali | K24: Course OutComes
A25: =SubjectDetails!$E$17 -> Subject Faculty | K25: Demonstrate Collection framework
K26: Develop GUI using awt and swing | L26: Develop GUI using awt and swing | M26: Develop GUI using awt and swing | N26: Develop GUI using awt and swing | O26: Develop GUI using awt and swing | P26: Develop GUI using awt and swing | Q26: Develop GUI using awt and swing | R26: Develop GUI using awt and swing | S26: Develop GUI using awt and swing | T26: Develop GUI using awt and swing | U26: Develop GUI using awt and swing | V26: Develop GUI using awt and swing | W26: Develop GUI using awt and swing
K27: Develop Web application using JSP and Servlet, JDBC | L27: Develop Web application using JSP and Servlet, JDBC | M27: Develop Web application using JSP and Servlet, JDBC | N27: Develop Web application using JSP and Servlet, JDBC | O27: Develop Web application using JSP and Servlet, JDBC | P27: Develop Web application using JSP and Servlet, JDBC | Q27: Develop Web application using JSP and Servlet, JDBC | R27: Develop Web application using JSP and Servlet, JDBC | S27: Develop Web application using JSP and Servlet, JDBC | T27: Develop Web application using JSP and Servlet, JDBC | U27: Develop Web application using JSP and Servlet, JDBC | V27: Develop Web application using JSP and Servlet, JDBC | W27: Develop Web application using JSP and Servlet, JDBC
A28: =SubjectDetails!$A$24 -> Dr. Ravi Chourasiya | E28: =SubjectDetails!$E$24 -> Dr. Ashwini Chavan | I28: =SubjectDetails!$H$24 -> Dr. Priyanka Singh | K28: Apply Data Structure to solve problems using JavaScript | L28: Apply Data Structure to solve problems using JavaScript | M28: Apply Data Structure to solve problems using JavaScript | N28: Apply Data Structure to solve problems using JavaScript | O28: Apply Data Structure to solve problems using JavaScript | P28: Apply Data Structure to solve problems using JavaScript | Q28: Apply Data Structure to solve problems using JavaScript | R28: Apply Data Structure to solve problems using JavaScript | S28: Apply Data Structure to solve problems using JavaScript | T28: Apply Data Structure to solve problems using JavaScript | U28: Apply Data Structure to solve problems using JavaScript | V28: Apply Data Structure to solve problems using JavaScript | W28: Apply Data Structure to solve problems using JavaScript
A29: =SubjectDetails!$A$25 -> (College Examination Officer) | E29: =SubjectDetails!$E$25 -> HOD (MCA) | I29: =SubjectDetails!$H$25 -> Director

Sheet CCE1
A1: Dr. D.Y. Patil Educational Federation's
A2: Dr. D. Y. Patil Institute of Management and Entreprenuer Development, Varale, Pune
A3: (Permanently affiliated to Savitribai Phule Pune University, Accredited by NAAC 'A'
A4: Approved by AICTE, Recognized under 2 (f) & 12 (b) sections of UGC Act)
A5: Comprehensive Concurrent Evaluation (CCE) Sheet
A6: =CONCATENATE(Class," ", spl) -> MCA I SEM I AY 2023-24 | C6: =CONCATENATE("Name of Faculty: ", Faculty) -> Name of Faculty: Anuja Mali | D6: =CONCATENATE("Course Name: ", Sub_Code) -> Course Name: Lab IT11L
A7: Roll No. | B7: Seat No. | C7: Name of the Student | D7: CCE-I (End term ) | J7: Total Marks Obtained
D8: Q1 | E8: Q2 | F8: Q3 | G8: Q4
C9: Max Marks → | D9: 10 | E9: 15 | F9: 15 | G9: 15 | J9: =SUM(D9:I9) -> 55
C10: CO Mapping → | D10: CO1 | E10: CO2 | F10: CO3 | G10: CO4
A11: 1 | B11: 2032303305 | C11: NAIK ANKIT JIVAN | D11: 9 | E11: 12 | F11: 15 | G11: 15 | J11: =IF(F11<>"AB",SUM(D11:I11),"AB") -> 51
A12: 2 | B12: 2032303451 | C12: ARGADE RAVISHANKAR UTTAM | D12: 9 | E12: 15 | F12: 12 | G12: 13 | J12: =IF(F12<>"AB",SUM(D12:I12),"AB") -> 49
A13: 3 | B13: 2032303452 | C13: ANERAO ONKAR RANGNATH | D13: 9 | E13: 13 | F13: 15 | G13: 14 | J13: =IF(F13<>"AB",SUM(D13:I13),"AB") -> 51
A14: 4 | B14: 2032303453 | C14: MORE KIRAN SUNIL | D14: 10 | E14: 14 | F14: 12 | G14: 13 | J14: =IF(F14<>"AB",SUM(D14:I14),"AB") -> 49
A15: 5 | B15: 2032303454 | C15: KSHIRSAGAR GAURAV SHRIKANT | D15: 9 | E15: 12 | F15: 10 | G15: 10 | J15: =IF(F15<>"AB",SUM(D15:I15),"AB") -> 41
A16: 6 | B16: 2032303455 | C16: SHIRSAT MEGHA SHARAD | D16: 9 | E16: 14 | F16: 12 | G16: 13 | J16: =IF(F16<>"AB",SUM(D16:I16),"AB") -> 48
A17: 7 | B17: 2032303456 | C17: INGALE RAHUL SUNIL | D17: 9 | E17: 13 | F17: 14 | G17: 15 | J17: =IF(F17<>"AB",SUM(D17:I17),"AB") -> 51
A18: 8 | B18: 2032303457 | C18: MD TABISH ANWAR | D18: 9 | E18: 14 | F18: 13 | G18: 12 | J18: =IF(F18<>"AB",SUM(D18:I18),"AB") -> 48
A19: 9 | B19: 2032303458 | C19: PUND SUYOG BHARAT | D19: 9 | E19: 14 | F19: 12 | G19: 12 | J19: =IF(F19<>"AB",SUM(D19:I19),"AB") -> 47
A20: 10 | B20: 2032303459 | C20: JAGTAP DNYANESHWAR RAGHUNATH | D20: 10 | E20: 13 | F20: 12 | G20: 13 | J20: =IF(F20<>"AB",SUM(D20:I20),"AB") -> 48
A21: 11 | B21: 2032303460 | C21: MAHAJAN PRATHAMESH JAGDISH | D21: 9 | E21: 13 | F21: 13 | G21: 13 | J21: =IF(F21<>"AB",SUM(D21:I21),"AB") -> 48
A22: 12 | B22: 2032303461 | C22: PATHAN ALIZABEE AKHTAR KHAN | D22: 9 | E22: 12 | F22: 14 | G22: 14 | J22: =IF(F22<>"AB",SUM(D22:I22),"AB") -> 49
... A118: 108 | B118: 2032303558 | C118: KISHOR LAXMAN HAKE | D118: 9 | E118: 15 | F118: 8 | G118: 8 | J118: =IF(F118<>"AB",SUM(D118:I118),"AB") -> 40
A119: Total | C119: =COUNT(A11:A118) -> 108
A123: =Faculty -> Anuja Mali
A124: =SubjectDetails!E17 -> Subject Faculty
A127: =SubjectDetails!A24 -> Dr. Ravi Chourasiya | D127: =SubjectDetails!E24 -> Dr. Ashwini Chavan | I127: =SubjectDetails!H24 -> Dr. Priyanka Singh
A128: =SubjectDetails!A25 -> (College Examination Officer) | D128: =SubjectDetails!E25 -> HOD (MCA) | I128: =SubjectDetails!H25 -> Director

Sheet CCE2
A1: Dr. D.Y. Patil Educational Federation's
A2: Dr. D. Y. Patil Institute of Management and Entreprenuer Development, Varale, Pune
A3: (Permanently affiliated to Savitribai Phule Pune University, Accredited by NAAC 'A'
A4: Approved by AICTE, Recognized under 2 (f) & 12 (b) sections of UGC Act)
A5: Comprehensive Concurrent Evaluation (CCE) Sheet
A6: =CONCATENATE(Class," ", spl) -> MCA I SEM I AY 2023-24 | C6: =CONCATENATE("Name of Faculty: ", Faculty) -> Name of Faculty: Anuja Mali | D6: =CONCATENATE("Course Name: ", Sub_Code) -> Course Name: Lab IT11L
A7: Roll No. | B7: Seat No. | C7: Name of the Student | D7: CCE-II (Working Demo) | L7: Total Marks Obtained
D8: Q1 | E8: Q2 | F8: Q3 | G8: Q4
C9: Max Marks → | D9: 5 | E9: 5 | F9: 5 | G9: 5 | L9: =D9+E9+F9+G9+H9+I9+J9+K9 -> 20
C10: CO Mapping → | D10: CO1 | E10: CO2 | F10: CO3 | G10: CO4
A11: 1 | B11: 2032303524 | C11: JAGTAP VAISHNAVI VILAS | D11: 5 | E11: 5 | F11: 5 | G11: 5 | L11: =IF(E11<>"AB",SUM(D11:K11),"AB") -> 20
A12: 2 | B12: 2032303491 | C12: MANE SHARVI MAHENDRA | D12: 5 | E12: 5 | F12: 5 | G12: 5 | L12: =IF(E12<>"AB",SUM(D12:K12),"AB") -> 20
A13: 3 | B13: 2032303500 | C13: SAYYAD TARNUM ISMAIL | D13: 5 | E13: 5 | F13: 5 | G13: 5 | L13: =IF(E13<>"AB",SUM(D13:K13),"AB") -> 20
A14: 4 | B14: 2032303484 | C14: SALUNKHE SANIYA SANTOSH | D14: 5 | E14: 5 | F14: 5 | G14: 5 | L14: =IF(E14<>"AB",SUM(D14:K14),"AB") -> 20
A15: 5 | B15: 2032303481 | C15: AKHARE PRATIK RAJENDRA | D15: 5 | E15: 5 | F15: 5 | G15: 5 | L15: =IF(E15<>"AB",SUM(D15:K15),"AB") -> 20
A16: 6 | B16: 2032303483 | C16: VEDANT NILKANTH THATE | D16: 5 | E16: 5 | F16: 5 | G16: 5 | L16: =IF(E16<>"AB",SUM(D16:K16),"AB") -> 20
A17: 7 | B17: 2032303463 | C17: CHANNE VIJAY SAKHARAM | D17: 5 | E17: 5 | F17: 5 | G17: 5 | L17: =IF(E17<>"AB",SUM(D17:K17),"AB") -> 20
A18: 8 | B18: 2032303487 | C18: PRAJWAL KISHOR SATPUTE | D18: 5 | E18: 5 | F18: 5 | G18: 5 | L18: =IF(E18<>"AB",SUM(D18:K18),"AB") -> 20
A19: 9 | B19: 2032303455 | C19: SHIRSAT MEGHA SHARAD | D19: 5 | E19: 5 | F19: 5 | G19: 5 | L19: =IF(E19<>"AB",SUM(D19:K19),"AB") -> 20
A20: 10 | B20: 2032303516 | C20: PRATIKSHA VISHWASRAO JAWARE | D20: 5 | E20: 5 | F20: 5 | G20: 5 | L20: =IF(E20<>"AB",SUM(D20:K20),"AB") -> 20
A21: 11 | B21: 2032303515 | C21: KOLTE PRAJAKTA ANIL | D21: 5 | E21: 5 | F21: 5 | G21: 5 | L21: =IF(E21<>"AB",SUM(D21:K21),"AB") -> 20
A22: 12 | B22: 2032303502 | C22: JAGTAP PRATHAMESH BHAUSAHEB | D22: 5 | E22: 5 | F22: 5 | G22: 5 | L22: =IF(E22<>"AB",SUM(D22:K22),"AB") -> 20
... A118: 108 | B118: 2032303555 | C118: JISHAN VAHED SHAIKH | D118: 5 | E118: 5 | F118: 5 | G118: 5 | L118: =IF(E118<>"AB",SUM(D118:K118),"AB") -> 20
A119: Total No. of Students: | C119: =COUNT(A11:A118) -> 108
C124: =Faculty -> Anuja Mali
C125: =SubjectDetails!E17 -> Subject Faculty
A129: =SubjectDetails!A24 -> Dr. Ravi Chourasiya | D129: =SubjectDetails!E24 -> Dr. Ashwini Chavan | K129: =SubjectDetails!H24 -> Dr. Priyanka Singh
A130: =SubjectDetails!A25 -> (College Examination Officer) | D130: =SubjectDetails!E25 -> HOD (MCA) | K130: =SubjectDetails!H25 -> Director

Sheet CCE3
A1: Dr. D.Y. Patil Educational Federation's
A2: Dr. D. Y. Patil Institute of Management and Entreprenuer Development, Varale, Pune
A3: (Permanently affiliated to Savitribai Phule Pune University, Accredited by NAAC 'A'
A4: Approved by AICTE, Recognized under 2 (f) & 12 (b) sections of UGC Act)
A5: Comprehensive Concurrent Evaluation (CCE) Sheet
A6: =CONCATENATE(Class," ", spl) -> MCA I SEM I AY 2023-24 | C6: =CONCATENATE("Name of Faculty: ", Faculty) -> Name of Faculty: Anuja Mali | D6: =CONCATENATE("Course Name: ", Sub_Code) -> Course Name: Lab IT11L
A7: Roll No. | B7: Seat No. | C7: Name of the Student | D7: CCE-III (End Term) | N7: Total Marks Obtained
D8: Q1 | E8: Q2 | F8: Q3 | G8: Q4
C9: Max Marks → | D9: 5 | E9: 5 | F9: 5 | G9: 5 | N9: =D9+E9+F9+G9+H9+I9+J9+K9+L9+M9 -> 20
C10: CO Mapping → | D10: CO1 | E10: CO2 | F10: CO3 | G10: CO4
A11: 1 | B11: 22101 | C11: NAIK ANKIT JIVAN | D11: 5 | E11: 5 | F11: 5 | G11: 5 | N11: =IF(D11<>"AB",SUM(D11:M11),"AB") -> 20
A12: 2 | B12: 22102 | C12: ARGADE RAVISHANKAR UTTAM | D12: 5 | E12: 5 | F12: 5 | G12: 5 | N12: =IF(D12<>"AB",SUM(D12:M12),"AB") -> 20
A13: 3 | B13: 22103 | C13: ANERAO ONKAR RANGNATH | D13: 5 | E13: 5 | F13: 5 | G13: 5 | N13: =IF(D13<>"AB",SUM(D13:M13),"AB") -> 20
A14: 4 | B14: 22104 | C14: MORE KIRAN SUNIL | D14: 5 | E14: 5 | F14: 5 | G14: 5 | N14: =IF(D14<>"AB",SUM(D14:M14),"AB") -> 20
A15: 5 | B15: 22105 | C15: KSHIRSAGAR GAURAV SHRIKANT | D15: 5 | E15: 5 | F15: 5 | G15: 5 | N15: =IF(D15<>"AB",SUM(D15:M15),"AB") -> 20
A16: 6 | B16: 22106 | C16: SHIRSAT MEGHA SHARAD | D16: 5 | E16: 5 | F16: 5 | G16: 5 | N16: =IF(D16<>"AB",SUM(D16:M16),"AB") -> 20
A17: 7 | B17: 22107 | C17: INGALE RAHUL SUNIL | D17: 5 | E17: 5 | F17: 5 | G17: 5 | N17: =IF(D17<>"AB",SUM(D17:M17),"AB") -> 20
A18: 8 | B18: 22108 | C18: MD TABISH ANWAR | D18: 5 | E18: 5 | F18: 5 | G18: 5 | N18: =IF(D18<>"AB",SUM(D18:M18),"AB") -> 20
A19: 9 | B19: 22109 | C19: PUND SUYOG BHARAT | D19: 5 | E19: 5 | F19: 5 | G19: 5 | N19: =IF(D19<>"AB",SUM(D19:M19),"AB") -> 20
A20: 10 | B20: 22110 | C20: JAGTAP DNYANESHWAR RAGHUNATH | D20: 5 | E20: 5 | F20: 5 | G20: 5 | N20: =IF(D20<>"AB",SUM(D20:M20),"AB") -> 20
A21: 11 | B21: 22111 | C21: MAHAJAN PRATHAMESH JAGDISH | D21: 5 | E21: 5 | F21: 5 | G21: 5 | N21: =IF(D21<>"AB",SUM(D21:M21),"AB") -> 20
A22: 12 | B22: 22112 | C22: PATHAN ALIZABEE AKHTAR KHAN | D22: 5 | E22: 5 | F22: 5 | G22: 5 | N22: =IF(D22<>"AB",SUM(D22:M22),"AB") -> 20
... A118: 108 | B118: 22240 | C118: KISHOR LAXMAN HAKE | D118: 5 | E118: 5 | F118: 5 | G118: 5 | N118: =IF(D118<>"AB",SUM(D118:M118),"AB") -> 20
A119: Total No. of Students: | C119: =COUNT(A11:A118) -> 108
C123: =Faculty -> Anuja Mali
C124: =SubjectDetails!E17 -> Subject Faculty
A126: =SubjectDetails!A24 -> Dr. Ravi Chourasiya | D126: =SubjectDetails!E24 -> Dr. Ashwini Chavan | H126: =SubjectDetails!H24 -> Dr. Priyanka Singh
A127: =SubjectDetails!A25 -> (College Examination Officer) | D127: =SubjectDetails!E25 -> HOD (MCA) | H127: =SubjectDetails!H25 -> Director

Sheet CCE
A1: Dr. D.Y. Patil Educational Federation's
A2: Dr. D. Y. Patil Institute of Management and Entreprenuer Development, Varale, Pune
A3: (Permanently affiliated to Savitribai Phule Pune University, Accredited by NAAC 'A'
A4: Approved by AICTE, Recognized under 2 (f) & 12 (b) sections of UGC Act)
A5: Comprehensive Concurrent Evaluation (CCE) Sheet
A6: =CONCATENATE(Class," ", spl) -> MCA I SEM I AY 2023-24 | C6: =CONCATENATE("Name of Faculty: ", Faculty) -> Name of Faculty: Anuja Mali | D6: =CONCATENATE("Course Name: ", Sub_Code) -> Course Name: Lab IT11L
A7: Roll No. | B7: Seat No. | C7: Name | D7: CCE#1 (55) | E7: CCE#2 (20) | F7: CCE#3 (20) | G7: Total (95) | H7: Final (25)
A8: 1 | B8: 22101 | C8: NAIK ANKIT JIVAN | D8: ='CCE1'!J11 -> 51 | E8: ='CCE2'!L11 -> 20 | F8: ='CCE3'!N11 -> 20 | G8: =SUM(Table3[[#This Row],[CCE'#1 (55)]:[CCE'#3 (20)]]) -> 91 | H8: =Table3[[#This Row],[Total (95)]]/('CCE1'!$J$9+'CCE2'!$L$9+'CCE3'!$N$9)*75 -> 71.842105
A9: 2 | B9: 22102 | C9: ARGADE RAVISHANKAR UTTAM | D9: ='CCE1'!J12 -> 49 | E9: ='CCE2'!L12 -> 20 | F9: ='CCE3'!N12 -> 20 | G9: =SUM(Table3[[#This Row],[CCE'#1 (55)]:[CCE'#3 (20)]]) -> 89 | H9: =Table3[[#This Row],[Total (95)]]/('CCE1'!$J$9+'CCE2'!$L$9+'CCE3'!$N$9)*75 -> 70.263158
A10: 3 | B10: 22103 | C10: ANERAO ONKAR RANGNATH | D10: ='CCE1'!J13 -> 51 | E10: ='CCE2'!L13 -> 20 | F10: ='CCE3'!N13 -> 20 | G10: =SUM(Table3[[#This Row],[CCE'#1 (55)]:[CCE'#3 (20)]]) -> 91 | H10: =Table3[[#This Row],[Total (95)]]/('CCE1'!$J$9+'CCE2'!$L$9+'CCE3'!$N$9)*75 -> 71.842105
A11: 4 | B11: 22104 | C11: MORE KIRAN SUNIL | D11: ='CCE1'!J14 -> 49 | E11: ='CCE2'!L14 -> 20 | F11: ='CCE3'!N14 -> 20 | G11: =SUM(Table3[[#This Row],[CCE'#1 (55)]:[CCE'#3 (20)]]) -> 89 | H11: =Table3[[#This Row],[Total (95)]]/('CCE1'!$J$9+'CCE2'!$L$9+'CCE3'!$N$9)*75 -> 70.263158
A12: 5 | B12: 22105 | C12: KSHIRSAGAR GAURAV SHRIKANT | D12: ='CCE1'!J15 -> 41 | E12: ='CCE2'!L15 -> 20 | F12: ='CCE3'!N15 -> 20 | G12: =SUM(Table3[[#This Row],[CCE'#1 (55)]:[CCE'#3 (20)]]) -> 81 | H12: =Table3[[#This Row],[Total (95)]]/('CCE1'!$J$9+'CCE2'!$L$9+'CCE3'!$N$9)*75 -> 63.947368
A13: 6 | B13: 22106 | C13: SHIRSAT MEGHA SHARAD | D13: ='CCE1'!J16 -> 48 | E13: ='CCE2'!L16 -> 20 | F13: ='CCE3'!N16 -> 20 | G13: =SUM(Table3[[#This Row],[CCE'#1 (55)]:[CCE'#3 (20)]]) -> 88 | H13: =Table3[[#This Row],[Total (95)]]/('CCE1'!$J$9+'CCE2'!$L$9+'CCE3'!$N$9)*75 -> 69.473684
A14: 7 | B14: 22107 | C14: INGALE RAHUL SUNIL | D14: ='CCE1'!J17 -> 51 | E14: ='CCE2'!L17 -> 20 | F14: ='CCE3'!N17 -> 20 | G14: =SUM(Table3[[#This Row],[CCE'#1 (55)]:[CCE'#3 (20)]]) -> 91 | H14: =Table3[[#This Row],[Total (95)]]/('CCE1'!$J$9+'CCE2'!$L$9+'CCE3'!$N$9)*75 -> 71.842105
A15: 8 | B15: 22108 | C15: MD TABISH ANWAR | D15: ='CCE1'!J18 -> 48 | E15: ='CCE2'!L18 -> 20 | F15: ='CCE3'!N18 -> 20 | G15: =SUM(Table3[[#This Row],[CCE'#1 (55)]:[CCE'#3 (20)]]) -> 88 | H15: =Table3[[#This Row],[Total (95)]]/('CCE1'!$J$9+'CCE2'!$L$9+'CCE3'!$N$9)*75 -> 69.473684
A16: 9 | B16: 22109 | C16: PUND SUYOG BHARAT | D16: ='CCE1'!J19 -> 47 | E16: ='CCE2'!L19 -> 20 | F16: ='CCE3'!N19 -> 20 | G16: =SUM(Table3[[#This Row],[CCE'#1 (55)]:[CCE'#3 (20)]]) -> 87 | H16: =Table3[[#This Row],[Total (95)]]/('CCE1'!$J$9+'CCE2'!$L$9+'CCE3'!$N$9)*75 -> 68.684211
A17: 10 | B17: 22110 | C17: JAGTAP DNYANESHWAR RAGHUNATH | D17: ='CCE1'!J20 -> 48 | E17: ='CCE2'!L20 -> 20 | F17: ='CCE3'!N20 -> 20 | G17: =SUM(Table3[[#This Row],[CCE'#1 (55)]:[CCE'#3 (20)]]) -> 88 | H17: =Table3[[#This Row],[Total (95)]]/('CCE1'!$J$9+'CCE2'!$L$9+'CCE3'!$N$9)*75 -> 69.473684
A18: 11 | B18: 22111 | C18: MAHAJAN PRATHAMESH JAGDISH | D18: ='CCE1'!J21 -> 48 | E18: ='CCE2'!L21 -> 20 | F18: ='CCE3'!N21 -> 20 | G18: =SUM(Table3[[#This Row],[CCE'#1 (55)]:[CCE'#3 (20)]]) -> 88 | H18: =Table3[[#This Row],[Total (95)]]/('CCE1'!$J$9+'CCE2'!$L$9+'CCE3'!$N$9)*75 -> 69.473684
A19: 12 | B19: 22112 | C19: PATHAN ALIZABEE AKHTAR KHAN | D19: ='CCE1'!J22 -> 49 | E19: ='CCE2'!L22 -> 20 | F19: ='CCE3'!N22 -> 20 | G19: =SUM(Table3[[#This Row],[CCE'#1 (55)]:[CCE'#3 (20)]]) -> 89 | H19: =Table3[[#This Row],[Total (95)]]/('CCE1'!$J$9+'CCE2'!$L$9+'CCE3'!$N$9)*75 -> 70.263158
... A115: 108 | B115: 22240 | C115: KISHOR LAXMAN HAKE | D115: ='CCE1'!J118 -> 40 | E115: ='CCE2'!L118 -> 20 | F115: ='CCE3'!N118 -> 20 | G115: =SUM(Table3[[#This Row],[CCE'#1 (55)]:[CCE'#3 (20)]]) -> 80 | H115: =Table3[[#This Row],[Total (95)]]/('CCE1'!$J$9+'CCE2'!$L$9+'CCE3'!$N$9)*75 -> 63.157895
B121: =Faculty -> Anuja Mali
B122: =SubjectDetails!E17 -> Subject Faculty
A126: =SubjectDetails!A24 -> Dr. Ravi Chourasiya | D126: =SubjectDetails!E24 -> Dr. Ashwini Chavan | G126: =SubjectDetails!H24 -> Dr. Priyanka Singh
A127: =SubjectDetails!A25 -> (College Examination Officer) | D127: =SubjectDetails!E25 -> HOD (MCA) | G127: =SubjectDetails!H25 -> Director

Sheet CO Int. Attn
A1: Dr. D.Y. Patil Educational Federation's
A2: Dr. D. Y. Patil Institute of Management and Entreprenuer Development, Varale, Pune
A3: (Permanently affiliated to Savitribai Phule Pune University, Accredited by NAAC 'A'
A4: Approved by AICTE, Recognized under 2 (f) & 12 (b) sections of UGC Act)
A6: =CONCATENATE("Faculty Name: ", Faculty) -> Faculty Name: Anuja Mali | I6: Benchmarks | L6: 3 | N6: 70 | O6: % of Students to get | S6: 0.6
A7: =CONCATENATE("Subject Name & Code: ", Sub_Code) -> Subject Name & Code: Lab IT11L | L7: 2 | N7: 60 | U7: 60
A8: =CONCATENATE("Class: ",Class_AY) -> Class: MCA I SEM I AY 2023-24 | L8: 1 | N8: 50
A11: Sr. No | B11: Seat No. | C11: Name of the Student | D11: CCE1 (Mid Term: 30) | I11: CCE2 (Assignment :20) | N11: CCE3 (End term:50) | S11: Combined Assessment Marks for COs (25) | X11: Total Marks Obtained (25)
D12: 10 | E12: 15 | F12: 15 | G12: 15 | I12: 5 | J12: 5 | K12: 5 | L12: 5 | N12: 5 | O12: 5 | P12: 5 | Q12: 5 | S12: CO1 | T12: CO2 | U12: CO3 | V12: CO4
D13: CO1 | E13: CO2 | F13: CO3 | G13: CO4 | I13: CO1 | J13: CO2 | K13: CO3 | L13: CO4 | N13: CO1 | O13: CO2 | P13: CO3 | Q13: CO4 | S13: =D12+I12+N12 -> 20 | T13: =E12+J12+O12 -> 25 | U13: =F12+K12+P12 -> 25 | V13: =G12+L12+Q12 -> 25 | X13: =SUM(S13:W13) -> 95
A14: 1 | B14: 22101 | C14: NAIK ANKIT JIVAN | D14: ='CCE1'!D11 -> 9 | E14: ='CCE1'!E11 -> 12 | F14: ='CCE1'!F11 -> 15 | G14: ='CCE1'!G11 -> 15 | I14: ='CCE2'!D11 -> 5 | J14: ='CCE2'!E11 -> 5 | K14: ='CCE2'!F11 -> 5 | L14: ='CCE2'!G11 -> 5 | N14: ='CCE3'!D11 -> 5 | O14: ='CCE3'!E11 -> 5 | P14: ='CCE3'!F11 -> 5 | Q14: ='CCE3'!G11 -> 5 | S14: =IFERROR(SUM(D14,I14,N14),"AB") -> 19 | T14: =IFERROR(SUM(E14,J14,O14),"AB") -> 22 | U14: =IFERROR(SUM(F14,K14,P14),"AB") -> 25 | V14: =IFERROR(SUM(G14,L14,Q14),"AB") -> 25 | X14: =IFERROR(SUM(S14:W14),"AB") -> 91
A15: 2 | B15: 22102 | C15: ARGADE RAVISHANKAR UTTAM | D15: ='CCE1'!D12 -> 9 | E15: ='CCE1'!E12 -> 15 | F15: ='CCE1'!F12 -> 12 | G15: ='CCE1'!G12 -> 13 | I15: ='CCE2'!D12 -> 5 | J15: ='CCE2'!E12 -> 5 | K15: ='CCE2'!F12 -> 5 | L15: ='CCE2'!G12 -> 5 | N15: ='CCE3'!D12 -> 5 | O15: ='CCE3'!E12 -> 5 | P15: ='CCE3'!F12 -> 5 | Q15: ='CCE3'!G12 -> 5 | S15: =IFERROR(SUM(D15,I15,N15),"AB") -> 19 | T15: =IFERROR(SUM(E15,J15,O15),"AB") -> 25 | U15: =IFERROR(SUM(F15,K15,P15),"AB") -> 22 | V15: =IFERROR(SUM(G15,L15,Q15),"AB") -> 23 | X15: =IFERROR(SUM(S15:W15),"AB") -> 89
A16: 3 | B16: 22103 | C16: ANERAO ONKAR RANGNATH | D16: ='CCE1'!D13 -> 9 | E16: ='CCE1'!E13 -> 13 | F16: ='CCE1'!F13 -> 15 | G16: ='CCE1'!G13 -> 14 | I16: ='CCE2'!D13 -> 5 | J16: ='CCE2'!E13 -> 5 | K16: ='CCE2'!F13 -> 5 | L16: ='CCE2'!G13 -> 5 | N16: ='CCE3'!D13 -> 5 | O16: ='CCE3'!E13 -> 5 | P16: ='CCE3'!F13 -> 5 | Q16: ='CCE3'!G13 -> 5 | S16: =IFERROR(SUM(D16,I16,N16),"AB") -> 19 | T16: =IFERROR(SUM(E16,J16,O16),"AB") -> 23 | U16: =IFERROR(SUM(F16,K16,P16),"AB") -> 25 | V16: =IFERROR(SUM(G16,L16,Q16),"AB") -> 24 | X16: =IFERROR(SUM(S16:W16),"AB") -> 91
A17: 4 | B17: 22104 | C17: MORE KIRAN SUNIL | D17: ='CCE1'!D14 -> 10 | E17: ='CCE1'!E14 -> 14 | F17: ='CCE1'!F14 -> 12 | G17: ='CCE1'!G14 -> 13 | I17: ='CCE2'!D14 -> 5 | J17: ='CCE2'!E14 -> 5 | K17: ='CCE2'!F14 -> 5 | L17: ='CCE2'!G14 -> 5 | N17: ='CCE3'!D14 -> 5 | O17: ='CCE3'!E14 -> 5 | P17: ='CCE3'!F14 -> 5 | Q17: ='CCE3'!G14 -> 5 | S17: =IFERROR(SUM(D17,I17,N17),"AB") -> 20 | T17: =IFERROR(SUM(E17,J17,O17),"AB") -> 24 | U17: =IFERROR(SUM(F17,K17,P17),"AB") -> 22 | V17: =IFERROR(SUM(G17,L17,Q17),"AB") -> 23 | X17: =IFERROR(SUM(S17:W17),"AB") -> 89
A18: 5 | B18: 22105 | C18: KSHIRSAGAR GAURAV SHRIKANT | D18: ='CCE1'!D15 -> 9 | E18: ='CCE1'!E15 -> 12 | F18: ='CCE1'!F15 -> 10 | G18: ='CCE1'!G15 -> 10 | I18: ='CCE2'!D15 -> 5 | J18: ='CCE2'!E15 -> 5 | K18: ='CCE2'!F15 -> 5 | L18: ='CCE2'!G15 -> 5 | N18: ='CCE3'!D15 -> 5 | O18: ='CCE3'!E15 -> 5 | P18: ='CCE3'!F15 -> 5 | Q18: ='CCE3'!G15 -> 5 | S18: =IFERROR(SUM(D18,I18,N18),"AB") -> 19 | T18: =IFERROR(SUM(E18,J18,O18),"AB") -> 22 | U18: =IFERROR(SUM(F18,K18,P18),"AB") -> 20 | V18: =IFERROR(SUM(G18,L18,Q18),"AB") -> 20 | X18: =IFERROR(SUM(S18:W18),"AB") -> 81
A19: 6 | B19: 22106 | C19: SHIRSAT MEGHA SHARAD | D19: ='CCE1'!D16 -> 9 | E19: ='CCE1'!E16 -> 14 | F19: ='CCE1'!F16 -> 12 | G19: ='CCE1'!G16 -> 13 | I19: ='CCE2'!D16 -> 5 | J19: ='CCE2'!E16 -> 5 | K19: ='CCE2'!F16 -> 5 | L19: ='CCE2'!G16 -> 5 | N19: ='CCE3'!D16 -> 5 | O19: ='CCE3'!E16 -> 5 | P19: ='CCE3'!F16 -> 5 | Q19: ='CCE3'!G16 -> 5 | S19: =IFERROR(SUM(D19,I19,N19),"AB") -> 19 | T19: =IFERROR(SUM(E19,J19,O19),"AB") -> 24 | U19: =IFERROR(SUM(F19,K19,P19),"AB") -> 22 | V19: =IFERROR(SUM(G19,L19,Q19),"AB") -> 23 | X19: =IFERROR(SUM(S19:W19),"AB") -> 88
A20: 7 | B20: 22107 | C20: INGALE RAHUL SUNIL | D20: ='CCE1'!D17 -> 9 | E20: ='CCE1'!E17 -> 13 | F20: ='CCE1'!F17 -> 14 | G20: ='CCE1'!G17 -> 15 | I20: ='CCE2'!D17 -> 5 | J20: ='CCE2'!E17 -> 5 | K20: ='CCE2'!F17 -> 5 | L20: ='CCE2'!G17 -> 5 | N20: ='CCE3'!D17 -> 5 | O20: ='CCE3'!E17 -> 5 | P20: ='CCE3'!F17 -> 5 | Q20: ='CCE3'!G17 -> 5 | S20: =IFERROR(SUM(D20,I20,N20),"AB") -> 19 | T20: =IFERROR(SUM(E20,J20,O20),"AB") -> 23 | U20: =IFERROR(SUM(F20,K20,P20),"AB") -> 24 | V20: =IFERROR(SUM(G20,L20,Q20),"AB") -> 25 | X20: =IFERROR(SUM(S20:W20),"AB") -> 91
A21: 8 | B21: 22108 | C21: MD TABISH ANWAR | D21: ='CCE1'!D18 -> 9 | E21: ='CCE1'!E18 -> 14 | F21: ='CCE1'!F18 -> 13 | G21: ='CCE1'!G18 -> 12 | I21: ='CCE2'!D18 -> 5 | J21: ='CCE2'!E18 -> 5 | K21: ='CCE2'!F18 -> 5 | L21: ='CCE2'!G18 -> 5 | N21: ='CCE3'!D18 -> 5 | O21: ='CCE3'!E18 -> 5 | P21: ='CCE3'!F18 -> 5 | Q21: ='CCE3'!G18 -> 5 | S21: =IFERROR(SUM(D21,I21,N21),"AB") -> 19 | T21: =IFERROR(SUM(E21,J21,O21),"AB") -> 24 | U21: =IFERROR(SUM(F21,K21,P21),"AB") -> 23 | V21: =IFERROR(SUM(G21,L21,Q21),"AB") -> 22 | X21: =IFERROR(SUM(S21:W21),"AB") -> 88
A22: 9 | B22: 22109 | C22: PUND SUYOG BHARAT | D22: ='CCE1'!D19 -> 9 | E22: ='CCE1'!E19 -> 14 | F22: ='CCE1'!F19 -> 12 | G22: ='CCE1'!G19 -> 12 | I22: ='CCE2'!D19 -> 5 | J22: ='CCE2'!E19 -> 5 | K22: ='CCE2'!F19 -> 5 | L22: ='CCE2'!G19 -> 5 | N22: ='CCE3'!D19 -> 5 | O22: ='CCE3'!E19 -> 5 | P22: ='CCE3'!F19 -> 5 | Q22: ='CCE3'!G19 -> 5 | S22: =IFERROR(SUM(D22,I22,N22),"AB") -> 19 | T22: =IFERROR(SUM(E22,J22,O22),"AB") -> 24 | U22: =IFERROR(SUM(F22,K22,P22),"AB") -> 22 | V22: =IFERROR(SUM(G22,L22,Q22),"AB") -> 22 | X22: =IFERROR(SUM(S22:W22),"AB") -> 87
A23: 10 | B23: 22110 | C23: JAGTAP DNYANESHWAR RAGHUNATH | D23: ='CCE1'!D20 -> 10 | E23: ='CCE1'!E20 -> 13 | F23: ='CCE1'!F20 -> 12 | G23: ='CCE1'!G20 -> 13 | I23: ='CCE2'!D20 -> 5 | J23: ='CCE2'!E20 -> 5 | K23: ='CCE2'!F20 -> 5 | L23: ='CCE2'!G20 -> 5 | N23: ='CCE3'!D20 -> 5 | O23: ='CCE3'!E20 -> 5 | P23: ='CCE3'!F20 -> 5 | Q23: ='CCE3'!G20 -> 5 | S23: =IFERROR(SUM(D23,I23,N23),"AB") -> 20 | T23: =IFERROR(SUM(E23,J23,O23),"AB") -> 23 | U23: =IFERROR(SUM(F23,K23,P23),"AB") -> 22 | V23: =IFERROR(SUM(G23,L23,Q23),"AB") -> 23 | X23: =IFERROR(SUM(S23:W23),"AB") -> 88
A24: 11 | B24: 22111 | C24: MAHAJAN PRATHAMESH JAGDISH | D24: ='CCE1'!D21 -> 9 | E24: ='CCE1'!E21 -> 13 | F24: ='CCE1'!F21 -> 13 | G24: ='CCE1'!G21 -> 13 | I24: ='CCE2'!D21 -> 5 | J24: ='CCE2'!E21 -> 5 | K24: ='CCE2'!F21 -> 5 | L24: ='CCE2'!G21 -> 5 | N24: ='CCE3'!D21 -> 5 | O24: ='CCE3'!E21 -> 5 | P24: ='CCE3'!F21 -> 5 | Q24: ='CCE3'!G21 -> 5 | S24: =IFERROR(SUM(D24,I24,N24),"AB") -> 19 | T24: =IFERROR(SUM(E24,J24,O24),"AB") -> 23 | U24: =IFERROR(SUM(F24,K24,P24),"AB") -> 23 | V24: =IFERROR(SUM(G24,L24,Q24),"AB") -> 23 | X24: =IFERROR(SUM(S24:W24),"AB") -> 88
A25: 12 | B25: 22112 | C25: PATHAN ALIZABEE AKHTAR KHAN | D25: ='CCE1'!D22 -> 9 | E25: ='CCE1'!E22 -> 12 | F25: ='CCE1'!F22 -> 14 | G25: ='CCE1'!G22 -> 14 | I25: ='CCE2'!D22 -> 5 | J25: ='CCE2'!E22 -> 5 | K25: ='CCE2'!F22 -> 5 | L25: ='CCE2'!G22 -> 5 | N25: ='CCE3'!D22 -> 5 | O25: ='CCE3'!E22 -> 5 | P25: ='CCE3'!F22 -> 5 | Q25: ='CCE3'!G22 -> 5 | S25: =IFERROR(SUM(D25,I25,N25),"AB") -> 19 | T25: =IFERROR(SUM(E25,J25,O25),"AB") -> 22 | U25: =IFERROR(SUM(F25,K25,P25),"AB") -> 24 | V25: =IFERROR(SUM(G25,L25,Q25),"AB") -> 24 | X25: =IFERROR(SUM(S25:W25),"AB") -> 89
... A121: 108 | B121: 22240 | C121: KISHOR LAXMAN HAKE | D121: ='CCE1'!D118 -> 9 | E121: ='CCE1'!E118 -> 15 | F121: ='CCE1'!F118 -> 8 | G121: ='CCE1'!G118 -> 8 | I121: ='CCE2'!D118 -> 5 | J121: ='CCE2'!E118 -> 5 | K121: ='CCE2'!F118 -> 5 | L121: ='CCE2'!G118 -> 5 | N121: ='CCE3'!D118 -> 5 | O121: ='CCE3'!E118 -> 5 | P121: ='CCE3'!F118 -> 5 | Q121: ='CCE3'!G118 -> 5 | S121: =IFERROR(SUM(D121,I121,N121),"AB") -> 19 | T121: =IFERROR(SUM(E121,J121,O121),"AB") -> 25 | U121: =IFERROR(SUM(F121,K121,P121),"AB") -> 18 | V121: =IFERROR(SUM(G121,L121,Q121),"AB") -> 18 | X121: =IFERROR(SUM(S121:W121),"AB") -> 80
C122: No of Students (y) | D122: =IFERROR(COUNT(D14:D121),"NA") -> 108 | E122: =IFERROR(COUNT(E14:E121),"NA") -> 108 | F122: =IFERROR(COUNT(F14:F121),"NA") -> 108 | G122: =IFERROR(COUNT(G14:G121),"NA") -> 108 | I122: =IFERROR(COUNT(I14:I121),"NA") -> 108 | J122: =IFERROR(COUNT(J14:J121),"NA") -> 108 | K122: =IFERROR(COUNT(K14:K121),"NA") -> 108 | L122: =IFERROR(COUNT(L14:L121),"NA") -> 108 | N122: =IFERROR(COUNT(N14:N121),"NA") -> 108 | O122: =IFERROR(COUNT(O14:O121),"NA") -> 108 | P122: =IFERROR(COUNT(P14:P121),"NA") -> 108 | Q122: =IFERROR(COUNT(Q14:Q121),"NA") -> 108 | S122: =IFERROR(COUNT(S14:S121),"NA") -> 108 | T122: =IFERROR(COUNT(T14:T121),"NA") -> 108 | U122: =IFERROR(COUNT(U14:U121),"NA") -> 108 | V122: =IFERROR(COUNT(V14:V121),"NA") -> 108 | X122: =IFERROR(COUNT(X14:X121),"NA") -> 108
C123: =CONCATENATE("No of students more than ",70, "% = (x1)") -> No of students more than 70% = (x1) | D123: =COUNTIF(D14:D121,">="&D12*70%) -> 103 | E123: =COUNTIF(E14:E121,">="&E12*70%) -> 103 | F123: =COUNTIF(F14:F121,">="&F12*70%) -> 79 | G123: =COUNTIF(G14:G121,">="&G12*70%) -> 71 | I123: =COUNTIF(I14:I121,">="&I12*70%) -> 103 | J123: =COUNTIF(J14:J121,">="&J12*70%) -> 103 | K123: =COUNTIF(K14:K121,">="&K12*70%) -> 103 | L123: =COUNTIF(L14:L121,">="&L12*70%) -> 103 | N123: =COUNTIF(N14:N121,">="&N12*70%) -> 103 | O123: =COUNTIF(O14:O121,">="&O12*70%) -> 103 | P123: =COUNTIF(P14:P121,">="&P12*70%) -> 103 | Q123: =COUNTIF(Q14:Q121,">="&Q12*70%) -> 103 | S123: =COUNTIF(S14:S121,">="&S13*70%) -> 103 | T123: =COUNTIF(T14:T121,">="&T13*70%) -> 103 | U123: =COUNTIF(U14:U121,">="&U13*70%) -> 103 | V123: =COUNTIF(V14:V121,">="&V13*70%) -> 103 | X123: =COUNTIF(X14:X121,">="&X13*70%) -> 103
C124: =CONCATENATE("No of students between 70 and ",60, "% = (x2)") -> No of students between 70 and 60% = (x2) | D124: =COUNTIFS(D14:D121,">="&D12*60%,D14:D121,"<"&D12*70%) -> 0 | E124: =COUNTIFS(E14:E121,">="&E12*60%,E14:E121,"<"&E12*70%) -> 0 | F124: =COUNTIFS(F14:F121,">="&F12*60%,F14:F121,"<"&F12*70%) -> 22 | G124: =COUNTIFS(G14:G121,">="&G12*60%,G14:G121,"<"&G12*70%) -> 23 | I124: =COUNTIFS(I14:I121,">="&I12*60%,I14:I121,"<"&I12*70%) -> 0 | J124: =COUNTIFS(J14:J121,">="&J12*60%,J14:J121,"<"&J12*70%) -> 0 | K124: =COUNTIFS(K14:K121,">="&K12*60%,K14:K121,"<"&K12*70%) -> 0 | L124: =COUNTIFS(L14:L121,">="&L12*60%,L14:L121,"<"&L12*70%) -> 0 | N124: =COUNTIFS(N14:N121,">="&N12*60%,N14:N121,"<"&N12*70%) -> 0 | O124: =COUNTIFS(O14:O121,">="&O12*60%,O14:O121,"<"&O12*70%) -> 0 | P124: =COUNTIFS(P14:P121,">="&P12*60%,P14:P121,"<"&P12*70%) -> 0 | Q124: =COUNTIFS(Q14:Q121,">="&Q12*60%,Q14:Q121,"<"&Q12*70%) -> 0 | S124: =COUNTIFS(S14:S121,">="&S13*60%,S14:S121,"<"&S13*70%) -> 0 | T124: =COUNTIFS(T14:T121,">="&T13*60%,T14:T121,"<"&T13*70%) -> 0 | U124: =COUNTIFS(U14:U121,">="&U13*60%,U14:U121,"<"&U13*70%) -> 0 | V124: =COUNTIFS(V14:V121,">="&V13*60%,V14:V121,"<"&V13*70%) -> 0 | X124: =COUNTIFS(X14:X121,">="&X13*60%,X14:X121,"<"&X13*70%) -> 0
C125: =CONCATENATE("No of students between 60 and ",50, "% = (x3)") -> No of students between 60 and 50% = (x3) | D125: =COUNTIFS(D14:D121,">="&D12*50%,D14:D121,"<"&D12*60%) -> 0 | E125: =COUNTIFS(E14:E121,">="&E12*50%,E14:E121,"<"&E12*60%) -> 0 | F125: =COUNTIFS(F14:F121,">="&F12*50%,F14:F121,"<"&F12*60%) -> 2 | G125: =COUNTIFS(G14:G121,">="&G12*50%,G14:G121,"<"&G12*60%) -> 9 | I125: =COUNTIFS(I14:I121,">="&I12*50%,I14:I121,"<"&I12*60%) -> 0 | J125: =COUNTIFS(J14:J121,">="&J12*50%,J14:J121,"<"&J12*60%) -> 0 | K125: =COUNTIFS(K14:K121,">="&K12*50%,K14:K121,"<"&K12*60%) -> 0 | L125: =COUNTIFS(L14:L121,">="&L12*50%,L14:L121,"<"&L12*60%) -> 0 | N125: =COUNTIFS(N14:N121,">="&N12*50%,N14:N121,"<"&N12*60%) -> 0 | O125: =COUNTIFS(O14:O121,">="&O12*50%,O14:O121,"<"&O12*60%) -> 0 | P125: =COUNTIFS(P14:P121,">="&P12*50%,P14:P121,"<"&P12*60%) -> 0 | Q125: =COUNTIFS(Q14:Q121,">="&Q12*50%,Q14:Q121,"<"&Q12*60%) -> 0 | S125: =COUNTIFS(S14:S121,">="&S13*50%,S14:S121,"<"&S13*60%) -> 0 | T125: =COUNTIFS(T14:T121,">="&T13*50%,T14:T121,"<"&T13*60%) -> 0 | U125: =COUNTIFS(U14:U121,">="&U13*50%,U14:U121,"<"&U13*60%) -> 0 | V125: =COUNTIFS(V14:V121,">="&V13*50%,V14:V121,"<"&V13*60%) -> 0 | X125: =COUNTIFS(X14:X121,">="&X13*50%,X14:X121,"<"&X13*60%) -> 0
C126: No of students between 40 and 50 % = (x4) | D126: =COUNTIFS(D14:D121,">="&D12*40%,D14:D121,"<"&D12*50%) -> 0 | E126: =COUNTIFS(E14:E121,">="&E12*40%,E14:E121,"<"&E12*50%) -> 0 | F126: =COUNTIFS(F14:F121,">="&F12*40%,F14:F121,"<"&F12*50%) -> 0 | G126: =COUNTIFS(G14:G121,">="&G12*40%,G14:G121,"<"&G12*50%) -> 0 | I126: =COUNTIFS(I14:I121,">="&I12*40%,I14:I121,"<"&I12*50%) -> 0 | J126: =COUNTIFS(J14:J121,">="&J12*40%,J14:J121,"<"&J12*50%) -> 0 | K126: =COUNTIFS(K14:K121,">="&K12*40%,K14:K121,"<"&K12*50%) -> 0 | L126: =COUNTIFS(L14:L121,">="&L12*40%,L14:L121,"<"&L12*50%) -> 0 | N126: =COUNTIFS(N14:N121,">="&N12*40%,N14:N121,"<"&N12*50%) -> 0 | O126: =COUNTIFS(O14:O121,">="&O12*40%,O14:O121,"<"&O12*50%) -> 0 | P126: =COUNTIFS(P14:P121,">="&P12*40%,P14:P121,"<"&P12*50%) -> 0 | Q126: =COUNTIFS(Q14:Q121,">="&Q12*40%,Q14:Q121,"<"&Q12*50%) -> 0 | S126: =COUNTIFS(S14:S121,">="&S13*40%,S14:S121,"<"&S13*50%) -> 0 | T126: =COUNTIFS(T14:T121,">="&T13*40%,T14:T121,"<"&T13*50%) -> 0 | U126: =COUNTIFS(U14:U121,">="&U13*40%,U14:U121,"<"&U13*50%) -> 0 | V126: =COUNTIFS(V14:V121,">="&V13*40%,V14:V121,"<"&V13*50%) -> 0 | X126: =COUNTIFS(X14:X121,">="&X13*40%,X14:X121,"<"&X13*50%) -> 0
C127: No of students between less than 40 % = (x5) | D127: =COUNTIF(D14:D121,"<"&D12*40%) -> 5 | E127: =COUNTIF(E14:E121,"<"&E12*40%) -> 5 | F127: =COUNTIF(F14:F121,"<"&F12*40%) -> 5 | G127: =COUNTIF(G14:G121,"<"&G12*40%) -> 5 | I127: =COUNTIF(I14:I121,"<"&I12*40%) -> 5 | J127: =COUNTIF(J14:J121,"<"&J12*40%) -> 5 | K127: =COUNTIF(K14:K121,"<"&K12*40%) -> 5 | L127: =COUNTIF(L14:L121,"<"&L12*40%) -> 5 | N127: =COUNTIF(N14:N121,"<"&N12*40%) -> 5 | O127: =COUNTIF(O14:O121,"<"&O12*40%) -> 5 | P127: =COUNTIF(P14:P121,"<"&P12*40%) -> 5 | Q127: =COUNTIF(Q14:Q121,"<"&Q12*40%) -> 5 | S127: =COUNTIF(S14:S121,"<"&S13*40%) -> 5 | T127: =COUNTIF(T14:T121,"<"&T13*40%) -> 5 | U127: =COUNTIF(U14:U121,"<"&U13*40%) -> 5 | V127: =COUNTIF(V14:V121,"<"&V13*40%) -> 5 | X127: =COUNTIF(X14:X121,"<"&X13*40%) -> 5
C128: CO Attainment Percentage | D128: =(D123*3+D124*2+D125*1)/(COUNT(D14:D121)*3)*100 -> 95.37037 | E128: =(E123*3+E124*2+E125*1)/(COUNT(E14:E121)*3)*100 -> 95.37037 | F128: =(F123*3+F124*2+F125*1)/(COUNT(F14:F121)*3)*100 -> 87.345679 | G128: =(G123*3+G124*2+G125*1)/(COUNT(G14:G121)*3)*100 -> 82.716049 | I128: =(I123*3+I124*2+I125*1)/(COUNT(I14:I121)*3)*100 -> 95.37037 | J128: =(J123*3+J124*2+J125*1)/(COUNT(J14:J121)*3)*100 -> 95.37037 | K128: =(K123*3+K124*2+K125*1)/(COUNT(K14:K121)*3)*100 -> 95.37037 | L128: =(L123*3+L124*2+L125*1)/(COUNT(L14:L121)*3)*100 -> 95.37037 | N128: =(N123*3+N124*2+N125*1)/(COUNT(N14:N121)*3)*100 -> 95.37037 | O128: =(O123*3+O124*2+O125*1)/(COUNT(O14:O121)*3)*100 -> 95.37037 | P128: =(P123*3+P124*2+P125*1)/(COUNT(P14:P121)*3)*100 -> 95.37037 | Q128: =(Q123*3+Q124*2+Q125*1)/(COUNT(Q14:Q121)*3)*100 -> 95.37037 | S128: =(S123*3+S124*2+S125*1)/(COUNT(S14:S121)*3)*100 -> 95.37037 | T128: =(T123*3+T124*2+T125*1)/(COUNT(T14:T121)*3)*100 -> 95.37037 | U128: =(U123*3+U124*2+U125*1)/(COUNT(U14:U121)*3)*100 -> 95.37037 | V128: =(V123*3+V124*2+V125*1)/(COUNT(V14:V121)*3)*100 -> 95.37037 | X128: =(X123*3+X124*2+X125*1)/(COUNT(X14:X121)*3)*100 -> 95.37037
C129: CO Benchmark Level | D129: =IF(D128<>"NA",IF(D128>=70,3,IF(D128>=60,2,IF(D128>=50,1,"0"))),"NA") -> 3 | E129: =IF(E128<>"NA",IF(E128>=70,3,IF(E128>=60,2,IF(E128>=50,1,"0"))),"NA") -> 3 | F129: =IF(F128<>"NA",IF(F128>=70,3,IF(F128>=60,2,IF(F128>=50,1,"0"))),"NA") -> 3 | G129: =IF(G128<>"NA",IF(G128>=70,3,IF(G128>=60,2,IF(G128>=50,1,"0"))),"NA") -> 3 | I129: =IF(I128<>"NA",IF(I128>=70,3,IF(I128>=60,2,IF(I128>=50,1,"0"))),"NA") -> 3 | J129: =IF(J128<>"NA",IF(J128>=70,3,IF(J128>=60,2,IF(J128>=50,1,"0"))),"NA") -> 3 | K129: =IF(K128<>"NA",IF(K128>=70,3,IF(K128>=60,2,IF(K128>=50,1,"0"))),"NA") -> 3 | L129: =IF(L128<>"NA",IF(L128>=70,3,IF(L128>=60,2,IF(L128>=50,1,"0"))),"NA") -> 3 | N129: =IF(N128<>"NA",IF(N128>=70,3,IF(N128>=60,2,IF(N128>=50,1,"0"))),"NA") -> 3 | O129: =IF(O128<>"NA",IF(O128>=70,3,IF(O128>=60,2,IF(O128>=50,1,"0"))),"NA") -> 3 | P129: =IF(P128<>"NA",IF(P128>=70,3,IF(P128>=60,2,IF(P128>=50,1,"0"))),"NA") -> 3 | Q129: =IF(Q128<>"NA",IF(Q128>=70,3,IF(Q128>=60,2,IF(Q128>=50,1,"0"))),"NA") -> 3 | S129: =IF(S128<>"NA",IF(S128>=70,3,IF(S128>=60,2,IF(S128>=50,1,"0"))),"NA") -> 3 | T129: =IF(T128<>"NA",IF(T128>=70,3,IF(T128>=60,2,IF(T128>=50,1,"0"))),"NA") -> 3 | U129: =IF(U128<>"NA",IF(U128>=70,3,IF(U128>=60,2,IF(U128>=50,1,"0"))),"NA") -> 3 | V129: =IF(V128<>"NA",IF(V128>=70,3,IF(V128>=60,2,IF(V128>=50,1,"0"))),"NA") -> 3 | X129: =IF(X128<>"NA",IF(X128>=70,3,IF(X128>=60,2,IF(X128>=50,1,"0"))),"NA") -> 3
C133: Attainment based on Comprehensive Concurrent Evaluation (CCE) = Avg. of all COs | D133: =AVERAGE(S125:W125) -> 0 | E133: =AVERAGE(D124:X124) -> 2.6470588 | F133: =(3/100)*E133 -> 0.079411765 | G133: Average
G134: CO1 | H134: =S128 -> 95.37037
G135: CO2 | H135: =T128 -> 95.37037
G136: CO3 | H136: =U128 -> 95.37037
G137: CO4 | H137: =V128 -> 95.37037
B138: =Faculty -> Anuja Mali
A144: =SubjectDetails!A24 -> Dr. Ravi Chourasiya | D144: =SubjectDetails!E24 -> Dr. Ashwini Chavan | N144: =SubjectDetails!H24 -> Dr. Priyanka Singh
A145: =SubjectDetails!A25 -> (College Examination Officer) | D145: =SubjectDetails!E25 -> HOD (MCA) | N145: =SubjectDetails!H25 -> Director

Sheet CO Ext. Attn
A1: Dr. D.Y. Patil Educational Federation's
A2: Dr. D. Y. Patil Institute of Management and Entreprenuer Development, Varale, Pune
A3: (Permanently affiliated to Savitribai Phule Pune University, Accredited by NAAC 'A'
A4: Approved by AICTE, Recognized under 2 (f) & 12 (b) sections of UGC Act)
A6: =CONCATENATE("Faculty Name: ", Faculty) -> Faculty Name: Anuja Mali | D6: Benchmark | F6: 3 | G6: 0.7 | H6: Percentage of Students to get | J6: 0.6
A7: =CONCATENATE("Subject Name & Code: ", Sub_Code) -> Subject Name & Code: Lab IT11L | F7: 2 | G7: 0.6
A8: =CONCATENATE("Class: ",Class_AY) -> Class: MCA I SEM I AY 2023-24 | F8: 1 | G8: 0.5
A10: Course Outcome Attainment Calculations - External Assessment (SPPU)
A11: Roll No. | B11: Seat No. | C11: Name of the Student | D11: Equal Weightage to all COs
D13: 50
A14: 1 | B14: 2032303524 | C14: JAGTAP VAISHNAVI VILAS | D14: 44
A15: 2 | B15: 2032303491 | C15: MANE SHARVI MAHENDRA | D15: 44
A16: 3 | B16: 2032303500 | C16: SAYYAD TARNUM ISMAIL | D16: 45
A17: 4 | B17: 2032303484 | C17: SALUNKHE SANIYA SANTOSH | D17: 42
A18: 5 | B18: 2032303481 | C18: AKHARE PRATIK RAJENDRA | D18: 41
A19: 6 | B19: 2032303483 | C19: VEDANT NILKANTH THATE | D19: 43
A20: 7 | B20: 2032303463 | C20: CHANNE VIJAY SAKHARAM | D20: 44
A21: 8 | B21: 2032303487 | C21: PRAJWAL KISHOR SATPUTE | D21: 43
A22: 9 | B22: 2032303455 | C22: SHIRSAT MEGHA SHARAD | D22: 44
A23: 10 | B23: 2032303516 | C23: PRATIKSHA VISHWASRAO JAWARE | D23: 43
A24: 11 | B24: 2032303515 | C24: KOLTE PRAJAKTA ANIL | D24: 42
A25: 12 | B25: 2032303502 | C25: JAGTAP PRATHAMESH BHAUSAHEB | D25: 42
... A121: 108 | B121: 2032303555 | C121: JISHAN VAHED SHAIKH | D121: 42
C122: =CONCATENATE("No of students more than ", J6*100, "% = (x)") -> No of students more than 60% = (x) | D122: =COUNTIF(D14:D121,CONCATENATE(">=",D$13*$J$6)) -> 103
C123: No of Students (y) | D123: 108
C124: CO Attainment Percentage | D124: =IFERROR(D122/D123,0) -> 0.9537037
C125: CO Attainment Level | D125: =IF(D124>=$G6,$F6,IF(D124>=$G7,$F7,IF(D124>=$G8,$F8,"0"))) -> 3
C127: Attainment based on External Evaluation = Avg. of all COs | D127: =IFERROR(AVERAGE(D121:I125),0) -> 51.390741
B132: =Faculty -> Anuja Mali
A137: =SubjectDetails!A24 -> Dr. Ravi Chourasiya | D137: =SubjectDetails!E24 -> Dr. Ashwini Chavan | I137: =SubjectDetails!H24 -> Dr. Priyanka Singh
A138: =SubjectDetails!A25 -> (College Examination Officer) | D138: =SubjectDetails!E25 -> HOD (MCA) | I138: =SubjectDetails!H25 -> Director

Sheet OverallCO Attainment
A1: Dr. D.Y. Patil Educational Federation's
A2: Dr. D. Y. Patil Institute of Management and Entreprenuer Development, Varale, Pune
A3: (Permanently affiliated to Savitribai Phule Pune University, Accredited by NAAC 'A'
A4: Approved by AICTE, Recognized under 2 (f) & 12 (b) sections of UGC Act)
B5: =CONCATENATE("Faculty Name: ", Faculty) -> Faculty Name: Anuja Mali
B6: =CONCATENATE("Subject Name & Code: ", Sub_Code) -> Subject Name & Code: Lab IT11L
B7: =CONCATENATE("Class: ",Class_AY) -> Class: MCA I SEM I AY 2023-24
B9: OVERALL CO ATTAINMENT FOR COURSE
B10: Particulars | C10: CO1 | D10: CO2 | E10: CO3 | F10: CO4 | G10: CO5
B11: CO ATTAINMENT PERCENTAGE - INTERNAL ASSESSMENT (A1) | C11: ='CO Int. Attn'!H134 -> 95.37037 | D11: ='CO Int. Attn'!H135 -> 95.37037 | E11: ='CO Int. Attn'!H136 -> 95.37037 | F11: ='CO Int. Attn'!H137 -> 95.37037
B12: CO ATTAINMENT PERCENTAGE - EXTERNAL ASSESSMENT (SPPU) (A2) | C12: ='CO Ext. Attn'!$D124*100 -> 95.37037 | D12: ='CO Ext. Attn'!$D124*100 -> 95.37037 | E12: ='CO Ext. Attn'!$D124*100 -> 95.37037 | F12: ='CO Ext. Attn'!$D124*100 -> 95.37037
B13: CO ATTAINMENT PERCENTAGE - DIRECT ASSESSMENT Direct Attainment=(Int. Weightage X A1) + ( Ext. Weightage X A2) | C13: =(0.6*C11)+(0.4*C12) -> 95.37037 | D13: =(0.6*D11)+(0.4*D12) -> 95.37037 | E13: =(0.6*E11)+(0.4*E12) -> 95.37037 | F13: =(0.6*F11)+(0.4*F12) -> 95.37037
B14: CO ATTAINMENT PERCENTAGE - INDIRECT (SURVEY) | C14: ='Course exit'!D119 -> 86.111111 | D14: ='Course exit'!E119 -> 82.592593 | E14: ='Course exit'!F119 -> 86.666667 | F14: ='Course exit'!G119 -> 82.592593
B15: OVERALL CO ATTAINMENT FOR COURSE | C15: =(0.8*C13)+(0.2*C14) -> 93.518519 | D15: =(0.8*D13)+(0.2*D14) -> 92.814815 | E15: =(0.8*E13)+(0.2*E14) -> 93.62963 | F15: =(0.8*F13)+(0.2*F14) -> 92.814815
B16: CO ATTAINMENT LEVEL | C16: =IF(C15>=$E20,3,IF(C15>=$E21,2,IF(C15>=$E22,1,0))) -> 3 | D16: =IF(D15>=$E20,3,IF(D15>=$E21,2,IF(D15>=$E22,1,0))) -> 3 | E16: =IF(E15>=$E20,3,IF(E15>=$E21,2,IF(E15>=$E22,1,0))) -> 3 | F16: =IF(F15>=$E20,3,IF(F15>=$E21,2,IF(F15>=$E22,1,0))) -> 3
B18: Percentage of Students to get 60% of Marks
B20: Benchmark | D20: 3 | E20: 70
D21: 2 | E21: 60
D22: 1 | E22: 50
B27: =Faculty -> Anuja Mali
B28: =SubjectDetails!$E$17 -> Subject Faculty
A33: =SubjectDetails!$A$24 -> Dr. Ravi Chourasiya | D33: =SubjectDetails!$E$24 -> Dr. Ashwini Chavan | H33: =SubjectDetails!$H$24 -> Dr. Priyanka Singh
A34: =SubjectDetails!$A$25 -> (College Examination Officer) | D34: =SubjectDetails!$E$25 -> HOD (MCA) | H34: =SubjectDetails!$H$25 -> Director

Sheet CO PO Attainment
B1: Dr. D.Y. Patil Educational Federation's
B2: Dr. D. Y. Patil Institute of Management and Entreprenuer Development, Varale, Pune
B3: (Permanently affiliated to Savitribai Phule Pune University, Accredited by NAAC 'A'
B4: Approved by AICTE, Recognized under 2 (f) & 12 (b) sections of UGC Act)
B6: =CONCATENATE("Faculty Name: ", Faculty) -> Faculty Name: Anuja Mali
B7: =CONCATENATE("Subject Name & Code: ", Sub_Code) -> Subject Name & Code: Lab IT11L
B8: =CONCATENATE("Class: ",Class_AY) -> Class: MCA I SEM I AY 2023-24
B9: CO-PO Attainment Calculations
B10: Overall CO Attainment % | D10: PO1 | E10: PO2 | F10: PO3 | G10: PO4 | H10: PO5 | I10: PO6 | J10: PO7 | K10: PO8
B11: Average Mapping (M) | D11: ='CO Mapping PO '!B18 -> 2.5 | E11: ='CO Mapping PO '!C18 -> 2 | F11: ='CO Mapping PO '!D18 -> 2.6666667 | G11: ='CO Mapping PO '!E18 -> 2.75 | H11: ='CO Mapping PO '!F18 -> 1 | I11: ='CO Mapping PO '!G18 -> 1 | J11: ='CO Mapping PO '!H18 -> #DIV/0! | K11: ='CO Mapping PO '!I18 -> 1.75
B12: CO1 | C12: ='OverallCO Attainment'!C15 -> 93.518519 | D12: 3 | E12: 0 | F12: 0 | G12: 2 | H12: 1 | I12: 0 | J12: 0 | K12: 1
B13: CO2 | C13: ='OverallCO Attainment'!D15 -> 92.814815 | D13: 2 | E13: 0 | F13: 3 | G13: 3 | H13: 1 | I13: 1 | J13: 0 | K13: 2
B14: CO3 | C14: ='OverallCO Attainment'!E15 -> 93.62963 | D14: 2 | E14: 0 | F14: 3 | G14: 3 | H14: 1 | I14: 1 | J14: 0 | K14: 2
B15: CO4 | C15: ='OverallCO Attainment'!F15 -> 92.814815 | D15: 3 | E15: 2 | F15: 2 | G15: 3 | H15: 1 | I15: 0 | J15: 0 | K15: 2
C17: Perecentage | D17: =(C12*D12+C13*D13+C14*D14+C15*D15+C16*D16)/(D12+D13+D14+D15+D16) -> 93.188889 | E17: =(C12*E12+C13*E13+C14*E14+C15*E15+C16*E16)/(E12+E13+E14+E15+E16) -> 92.814815 | F17: =(C12*F12+C13*F13+C14*F14+C15*F15+C16*F16)/(F12+F13+F14+F15+F16) -> 93.12037 | G17: =(C12*G12+C13*G13+C14*G14+C15*G15+C16*G16)/(G12+G13+G14+G15+G16) -> 93.164983 | H17: =(C12*H12+C13*H13+C14*H14+C15*H15+C16*H16)/(H12+H13+H14+H15+H16) -> 93.194444 | I17: =(C12*I12+C13*I13+C14*I14+C15*I15+C16*I16)/(I12+I13+I14+I15+I16) -> 93.222222 | J17: =(C12*J12+C13*J13+C14*J14+C15*J15+C16*J16)/(J12+J13+J14+J15+J16) -> #DIV/0! | K17: =(C12*K12+C13*K13+C14*K14+C15*K15+C16*K16)/(K12+K13+K14+K15+K16) -> 93.148148
C18: Level | D18: =D17/100*3 -> 2.7956667 | E18: =E17/100*3 -> 2.7844444 | F18: =F17/100*3 -> 2.7936111 | G18: =G17/100*3 -> 2.7949495 | H18: =H17/100*3 -> 2.7958333 | I18: =I17/100*3 -> 2.7966667 | J18: =J17/100*3 -> #DIV/0! | K18: =K17/100*3 -> 2.7944444
B24: =Faculty -> Anuja Mali
B25: =Designation -> Assistant Professor
B31: =SubjectDetails!$A$24 -> Dr. Ravi Chourasiya | E31: =SubjectDetails!$E$24 -> Dr. Ashwini Chavan | I31: =SubjectDetails!$H$24 -> Dr. Priyanka Singh
B32: =SubjectDetails!$A$25 -> (College Examination Officer) | E32: =SubjectDetails!$E$25 -> HOD (MCA) | I32: =SubjectDetails!$H$25 -> Director

Sheet Course exit
A1: Dr. D.Y. Patil Educational Federation's
A2: Dr. D. Y. Patil Institute of Management and Entreprenuer Development, Varale, Pune
A3: (Permanently affiliated to Savitribai Phule Pune University, Accredited by NAAC 'A'
A4: Approved by AICTE, Recognized under 2 (f) & 12 (b) sections of UGC Act)
A5: Indirect Attainment
A6: =CONCATENATE(Class," ", spl) -> MCA I SEM I AY 2023-24 | D6: Course Exit Survey
A7: Roll No. | B7: Seat No. | C7: Name of the Student | L7: Total Marks Obtained
D8: CO1 | E8: CO2 | F8: CO3 | G8: CO4 | H8: CO5
D9: 5 | E9: 5 | F9: 5 | G9: 5 | H9: 5 | L9: =SUM(D9:K9) -> 25
A10: 1 | B10: 22101 | C10: NAIK ANKIT JIVAN | D10: 4 | E10: 4 | F10: 4 | G10: 4 | H10: 4 | L10: =IF(F10<>"AB",SUM(D10:K10),"AB") -> 20
A11: 2 | B11: 22102 | C11: ARGADE RAVISHANKAR UTTAM | D11: 4 | E11: 5 | F11: 5 | G11: 4 | H11: 4 | L11: =IF(F11<>"AB",SUM(D11:K11),"AB") -> 22
A12: 3 | B12: 22103 | C12: ANERAO ONKAR RANGNATH | D12: 4 | E12: 4 | F12: 5 | G12: 4 | H12: 4 | L12: =IF(F12<>"AB",SUM(D12:K12),"AB") -> 21
A13: 4 | B13: 22104 | C13: MORE KIRAN SUNIL | D13: 5 | E13: 4 | F13: 4 | G13: 5 | H13: 5 | L13: =IF(F13<>"AB",SUM(D13:K13),"AB") -> 23
A14: 5 | B14: 22105 | C14: KSHIRSAGAR GAURAV SHRIKANT | D14: 4 | E14: 4 | F14: 5 | G14: 5 | H14: 4 | L14: =IF(F14<>"AB",SUM(D14:K14),"AB") -> 22
A15: 6 | B15: 22106 | C15: SHIRSAT MEGHA SHARAD | D15: 4 | E15: 5 | F15: 5 | G15: 4 | H15: 4 | L15: =IF(F15<>"AB",SUM(D15:K15),"AB") -> 22
A16: 7 | B16: 22107 | C16: INGALE RAHUL SUNIL | D16: 5 | E16: 2 | F16: 2 | G16: 1 | H16: 4 | L16: =IF(F16<>"AB",SUM(D16:K16),"AB") -> 14
A17: 8 | B17: 22108 | C17: MD TABISH ANWAR | D17: 4 | E17: 4 | F17: 5 | G17: 3 | H17: 3 | L17: =IF(F17<>"AB",SUM(D17:K17),"AB") -> 19
A18: 9 | B18: 22109 | C18: PUND SUYOG BHARAT | D18: 4 | E18: 4 | F18: 4 | G18: 5 | H18: 5 | L18: =IF(F18<>"AB",SUM(D18:K18),"AB") -> 22
A19: 10 | B19: 22110 | C19: JAGTAP DNYANESHWAR RAGHUNATH | D19: 5 | E19: 4 | F19: 4 | G19: 4 | H19: 5 | L19: =IF(F19<>"AB",SUM(D19:K19),"AB") -> 22
A20: 11 | B20: 22111 | C20: MAHAJAN PRATHAMESH JAGDISH | D20: 4 | E20: 4 | F20: 5 | G20: 4 | H20: 4 | L20: =IF(F20<>"AB",SUM(D20:K20),"AB") -> 21
A21: 12 | B21: 22112 | C21: PATHAN ALIZABEE AKHTAR KHAN | D21: 2 | E21: 4 | F21: 4 | G21: 4 | H21: 5 | L21: =IF(F21<>"AB",SUM(D21:K21),"AB") -> 19
... A117: 108 | B117: 22240 | C117: KISHOR LAXMAN HAKE | D117: 4 | E117: 4 | F117: 5 | G117: 3 | H117: 3 | L117: =IF(F117<>"AB",SUM(D117:K117),"AB") -> 19
C118: Average | D118: =AVERAGE(D10:D117) -> 4.3055556 | E118: =AVERAGE(E10:E117) -> 4.1296296 | F118: =AVERAGE(F10:F117) -> 4.3333333 | G118: =AVERAGE(G10:G117) -> 4.1296296 | H118: =AVERAGE(H10:H117) -> 4.2407407 | L118: =AVERAGE(L10:L117) -> 21.138889
C119: Attainment | D119: =D118/5*100 -> 86.111111 | E119: =E118/5*100 -> 82.592593 | F119: =F118/5*100 -> 86.666667 | G119: =G118/5*100 -> 82.592593 | H119: =H118/5*100 -> 84.814815 | L119: =L118/25*100 -> 84.555556
M120: Overall Semester wise Attainment
A121: Total No. of Students: | C121: =COUNT(A10:A117) -> 108
B127: =[1]SubjectDetails!$A$24 -> Dr. Ravi Chourasiya | D127: =[1]SubjectDetails!$E$24 -> Dr. Ashwini Chavan | J127: =[1]SubjectDetails!$H$24 -> Dr. Priyanka Singh
B128: =[1]SubjectDetails!$A$25 -> (College Examination Officer) | D128: =[1]SubjectDetails!$E$25 -> HOD (MCA) | I128: =[1]SubjectDetails!$H$25 -> Director
